2,Bradley,Candis,3746 Linda Carroll DR,Shelburne,TX,29285,riojasm66@yahoo.com,518-457-5149
3,Maxima,Chastity,8401 Mathew NewmanDR,Flintstone,CA,54611,hdclive@live.com,518-457-5181
4,Dorothy,Erinn,13472 Rodolfo Castillo DR,Kalamazoo,MI,38858,terauau@gmail.com,518-453-8146
5,Kyoko,Kellie,1152 Sean Mcgee DR,Potawatomi Point,FL,23153,jabu_moleketi@yahoo.com,518-485-1057
6,Shirleen,Warren,20651 James Walsh DR,Lucky Stop,AR,46440,soeungkheng34@yahoo.com,518-457-5181
7,Lisandra,Lashaunda,18366 Norma Berry DR,St. Walburg,MO,88125,desk433@yahoo.com,518-485-9791 
8,Aron,Versie,15557 Annette Fisher DR,Santa,HA,95612,caf432@ig.com.br,518-485-6549 
9,Teddy,Bettye,15899 Evelyn Bowers DR,Kidtown,TX,45641,samanthakipkalya24@yahoo.in,518-485-2392
10,Lavern,Lacie,8775 Willie Simmons DR,Nirvana,CA,52201,cpt.jane@yahoo.com.ph,518-457-5181
11,Elvira,Barney,3775 Emanuel Palmer DR,Arizona,MI,90802,edwardbuma02@hotmail.com,202-357-5900
12,Luna,Angelena,14778 Kayla Vargas DR,Poverty Hill,FL,50947,mrsgracetoddclark@yahoo.co.jp,301-837-1600
13,Marvin,Gregory,20588 Jeffery White DR,Fink,AR,80156,grace1todd1@daum.net,301-837-1948
14,Steffanie,Kelle,23290 Jan Abbott DR,Allan,MO,22335,mrmaxofori1@outlook.fr,949-448-4932
15,Waldo,Cuc,21147 Carlos Santiago DR,Dollar Point,HA,82788,mrmax.ofori@aol.fr,314-801-0587
16,Dagny,Signe,25289 Mildred Watson DR,Ballstown,TX,74834,barakahumao1@yahoo.es,937-425-0661
17,Julian,Maris,19286 Patrick Collins DR,Escatawpa,CA,58632,peter.kofi1@rediffmail.com,617-514-1651
18,Nydia,Dustin,10723 Melissa Patton DR,Mayday,MI,62137,guaranteloans@aol.com,650-238-3463
19,Mariel,Danita,13528 Kurt Rose DR,Fort Lonesome,FL,27816,mallam.umaru@yandex.com,301-837-0298
20,Flossie,Diedra,2350 Cecil Clarke DR,Nantasket,AR,58898,consty22@gmail.com,301-837-0550
21,Mariella,Elizabeth,10587 Gerald Roy DR,Grayson,MO,75914,madii002@terra.com,301-837-0610
,,,,,,,,
